<procEventoNFe xmlns="http://www.portalfiscal.inf.br/nfe" versao="1.00"><evento versao="1.00"><infEvento Id="ID2102102625043818280800010055003000010257100186634801"><cOrgao>91</cOrgao><tpAmb>1</tpAmb><CNPJ>11361676000127</CNPJ><chNFe>26250438182808000100550030000102571001866348</chNFe><dhEvento>2025-04-07T13:26:50-03:00</dhEvento><tpEvento>210210</tpEvento><nSeqEvento>1</nSeqEvento><verEvento>1.00</verEvento><detEvento versao="1.00"><descEvento>Ciencia da Operacao</descEvento></detEvento></infEvento><Signature xmlns="http://www.w3.org/2000/09/xmldsig#"><SignedInfo><CanonicalizationMethod Algorithm="http://www.w3.org/TR/2001/REC-xml-c14n-20010315"/><SignatureMethod Algorithm="http://www.w3.org/2000/09/xmldsig#rsa-sha1"/><Reference URI="#ID2102102625043818280800010055003000010257100186634801"><Transforms><Transform Algorithm="http://www.w3.org/2000/09/xmldsig#enveloped-signature"/><Transform Algorithm="http://www.w3.org/TR/2001/REC-xml-c14n-20010315"/></Transforms><DigestMethod Algorithm="http://www.w3.org/2000/09/xmldsig#sha1"/><DigestValue>dnpp1kx08D5OYxVfl7EfqTlwx+c=</DigestValue></Reference></SignedInfo><SignatureValue>    gwUMOL0ASsD5ODH1U0PSdDoy/n3Ec/aPcOxBshpiDdGr4dFl6qg/NpqFgCddOiVH7QleHaAQ    YzTSCzr9V8TUqcHv9vbSVTHFo/I3YW+AyfepkJrKWVPxkZCpgFuYt8N9E/58xnfBPu3/dElD    AX3vp/+cAmQwWKr4pITsoPQjm5ApFXPUgSzNy05Lnd1rA2o0uexZ46JbrG2AOaeao0cIuqW4    x1oI8TOVRgmC6VK3q3uCfd/fyx4DDDZVW59WMeSmNQUwwPp1cBjrKIAquKV/ExBITiIx6Q/W    VMaCxUY1aRXaiu9aXsaJU3A+kHewm12K1cTGiken82vxBYPZcx2nwg==  </SignatureValue><KeyInfo><X509Data><X509Certificate>          MIIHdzCCBV+gAwIBAgIIEd4lAiFYFaQwDQYJKoZIhvcNAQELBQAwdTELMAkGA1UEBhMCQlIx          EzARBgNVBAoTCklDUC1CcmFzaWwxNjA0BgNVBAsTLVNlY3JldGFyaWEgZGEgUmVjZWl0YSBG          ZWRlcmFsIGRvIEJyYXNpbCAtIFJGQjEZMBcGA1UEAxMQQUMgU09MVVRJIFJGQiBWNTAeFw0y          NTAyMjExNzE4MDBaFw0yNjAyMjExNzE4MDBaMIIBCzELMAkGA1UEBhMCQlIxEzARBgNVBAoT          CklDUC1CcmFzaWwxCzAJBgNVBAgTAlBFMQ8wDQYDVQQHEwZSZWNpZmUxGTAXBgNVBAsTEFZp          ZGVvY29uZmVyZW5jaWExFzAVBgNVBAsTDjA5NDYxNjQ3MDAwMTk1MTYwNAYDVQQLEy1TZWNy          ZXRhcmlhIGRhIFJlY2VpdGEgRmVkZXJhbCBkbyBCcmFzaWwgLSBSRkIxFjAUBgNVBAsTDVJG          QiBlLUNOUEogQTExRTBDBgNVBAMTPEEgUCBNIFAgQ09NRVJDSUFMIFZBUkVKSVNUQSBERSBB          TElNRU5UT1MgTFREQToxMTM2MTY3NjAwMDEyNzCCASIwDQYJKoZIhvcNAQEBBQADggEPADCC          AQoCggEBAMsC8rn9tjE3sWN+bCOHBEMdL7g+6lrQNzIjLxwx9jSMp/07jPLWzAPpsr0XcV+k          XZZNEfgc/biye0mB9wid2+c+bfUdudBEP4vaHQZ+HMkrjjEScvJlqH3AqagALkR+Unoiywod          2xgFZya86gOhEqJWz6L7oF3SNGRvMGdeqfKyzCYTV4bBJsIetnWghhdyptRMyUo0b+wXQm3R          9c0IPj0vQeY/zJQzgLj4qCajJe3vFpuD1IW+Po58LKi1x/AYx+T0yeQ224LAsqd26G5B9s2H          LuvgDiqB1F6zGRwKt4fUef4XqHLc/uCd3ovxdFTxmrel9k56dQYTB7WOY6GQw/UCAwEAAaOC          AnEwggJtMAkGA1UdEwQCMAAwHwYDVR0jBBgwFoAU/PKCALL4vZ/VgttgICczPMK+zJkwTwYI          KwYBBQUHAQEEQzBBMD8GCCsGAQUFBzAChjNodHRwOi8vY2NkLmFjc29sdXRpLmNvbS5ici9s          Y3IvYWMtc29sdXRpLXJmYi12NS5wN2IwgcIGA1UdEQSBujCBt4EeY29udGF0b0Bjb250Y29u          c3VsdG9yaWEuY29tLmJyoCcGBWBMAQMCoB4THEpPUkdFIExVSVogREUgUEFVTEEgQ0FKVUVJ          Uk+gGQYFYEwBAwOgEBMOMTEzNjE2NzYwMDAxMjegOAYFYEwBAwSgLxMtMTUxMDE5OTIwODcz          NjQzNzQ3NjAwMDAwMDAwMDAwMDAwMDAwMDAwMDAwMDAwoBcGBWBMAQMHoA4TDDAwMDAwMDAw          MDAwMDBYBgNVHSAEUTBPME0GBmBMAQIBKDBDMEEGCCsGAQUFBwIBFjVodHRwOi8vY2NkLmFj          c29sdXRpLmNvbS5ici9kb2NzL2RwYy1hYy1zb2x1dGktcmZiLnBkZjAdBgNVHSUEFjAUBggr          BgEFBQcDAgYIKwYBBQUHAwQwgYAGA1UdHwR5MHcwOaA3oDWGM2h0dHA6Ly9jY2QuYWNzb2x1          dGkuY29tLmJyL2xjci9hYy1zb2x1dGktcmZiLXY1LmNybDA6oDigNoY0aHR0cDovL2NjZDIu          YWNzb2x1dGkuY29tLmJyL2xjci9hYy1zb2x1dGktcmZiLXY1LmNybDAdBgNVHQ4EFgQU8eOY          4Ab/wQomPfZdA5xrENP/rcgwDgYDVR0PAQH/BAQDAgXgMA0GCSqGSIb3DQEBCwUAA4ICAQCM          9bhlkT6k+xBa2KpQOTNYstMsQLRNtQSWPDeGwW0vsp9BYt0KZcms86xs1VVrLM4mMBXTXfcJ          Cz4diHxE/ZD6KkSxOHumLb1fDjOVfMA41aL256xv6tRraw5v82fGw22Mrdkx/Kh3RSWuWZJY          oARZbdkiCQYymQ6QQ1uVp6DcjskJME8Qx9xgaNjFpL1XRWylMi5nyKY8IuGdFChArouQ8jqk          d5w7zBM5wK5XpY7nD+VlLMw5epZL1vlmoyZbcSXHqcYiv7Gh5ZXr9KbzGch5QvlbPdJuCeC7          OVFAB/0AvgU1uYBpGGQkNvTyT0KA2lKUsCRb71sIcbLGO1b0ObvnrZcsjZM4DhGz4OhWtu3x          ll/Bd6NcEF8+GJ09SpuZw6G7beYRYLxo2graqWJEnsIhlmEpZV09ZP75cAleuTsKcQngeo+m          hww5tnvB35H9sV6vWC6OM+6IPJ2EkzBov4gIFLOvLPr0qjI1l5uB+J2CcHjsLb2o4q85Zngd          QCbvDAONLqpLYqcPXR494UQDeeBSnhhnK1uJx0f59zFWxDSNxQu3+ZoiSQ5Dgfs47JXHaaqL          H2TALWWgJGYz4wOEGgW4yLFKxPzBAyBqnwLlbtlaIZ+uBStEQ7YCvPoIanX0j85zCBmtphfS          tiNUcbZFnnDMIBwJDOYOVXlfyAI9l3JIOw==        </X509Certificate></X509Data></KeyInfo></Signature></evento><retEvento versao="1.00"><infEvento Id="ID891253296092673"><tpAmb>1</tpAmb><verAplic>AN_1.8.4</verAplic><cOrgao>91</cOrgao><cStat>135</cStat><xMotivo>Evento registrado e vinculado a NF-e</xMotivo><chNFe>26250438182808000100550030000102571001866348</chNFe><tpEvento>210210</tpEvento><xEvento>Ciencia da Operacao</xEvento><nSeqEvento>1</nSeqEvento><CNPJDest>11361676000127</CNPJDest><dhRegEvento>2025-04-07T13:26:54-03:00</dhRegEvento><nProt>891253296092673</nProt></infEvento></retEvento></procEventoNFe>